,Date,Station,In Situ ChlA
0,2010-10-20,POLESOUT,6.55
1,2010-12-15,POLESOUT,7.7
2,2011-01-04,POLESOUT,20.25
3,2011-02-14,POLESOUT,13.8
4,2011-03-08,POLESOUT,15.7
5,2011-04-18,POLESOUT,10.8
6,2011-05-09,POLESOUT,14.2
7,2011-06-06,POLESOUT,16.4
8,2011-07-11,POLESOUT,18.1
9,2011-08-01,POLESOUT,65.3
10,2011-09-20,POLESOUT,23.3
11,2011-10-11,POLESOUT,16.8
12,2011-11-14,POLESOUT,18.7
13,2011-12-06,POLESOUT,17.1
14,2012-01-24,POLESOUT,38.7
15,2012-02-06,POLESOUT,16.6
16,2012-03-20,POLESOUT,17.0
17,2012-04-03,POLESOUT,16.0
18,2012-05-22,POLESOUT,18.1
19,2012-06-12,POLESOUT,22.7
20,2012-07-17,POLESOUT,34.0
21,2012-08-14,POLESOUT,20.5
22,2012-09-19,POLESOUT,43.1
23,2012-10-09,POLESOUT,35.7
24,2012-11-27,POLESOUT,18.4
25,2012-12-11,POLESOUT,13.7
26,2013-01-08,POLESOUT,16.8
27,2013-02-11,POLESOUT,14.0
28,2013-03-27,POLESOUT,18.7
29,2013-04-08,POLESOUT,28.0
30,2013-05-14,POLESOUT,61.8
31,2013-06-03,POLESOUT,48.0
32,2013-07-17,POLESOUT,24.8
33,2013-08-06,POLESOUT,54.9
34,2013-09-17,POLESOUT,33.8
35,2013-10-01,POLESOUT,50.4
36,2013-11-12,POLESOUT,22.9
37,2013-12-04,POLESOUT,17.3
38,2014-01-14,POLESOUT,27.4
39,2014-02-05,POLESOUT,38.5
40,2014-03-11,POLESOUT,17.3
41,2014-04-15,POLESOUT,31.2
42,2014-05-14,POLESOUT,90.0
43,2014-06-04,POLESOUT,14.4
44,2014-07-15,POLESOUT,36.9
45,2014-08-05,POLESOUT,49.7
46,2014-09-02,POLESOUT,30.8
47,2014-10-07,POLESOUT,29.4
48,2014-11-04,POLESOUT,44.6
49,2014-12-02,POLESOUT,21.4
50,2015-01-06,POLESOUT,21.3
51,2015-02-03,POLESOUT,23.3
52,2015-03-03,POLESOUT,16.9
53,2015-04-07,POLESOUT,15.6
54,2015-05-12,POLESOUT,71.0
55,2015-06-03,POLESOUT,34.4
56,2015-07-08,POLESOUT,29.7
57,2015-08-05,POLESOUT,20.8
58,2015-09-01,POLESOUT,73.5
59,2015-10-06,POLESOUT,23.0
60,2015-12-01,POLESOUT,22.3
61,2016-01-11,POLESOUT,31.2
62,2016-02-02,POLESOUT,21.6
63,2016-03-01,POLESOUT,27.7
64,2016-04-05,POLESOUT,21.7
65,2016-05-03,POLESOUT,21.2
66,2016-06-14,POLESOUT,35.3
67,2016-07-11,POLESOUT,67.6
68,2016-08-02,POLESOUT,60.2
69,2016-09-06,POLESOUT,44.0
70,2016-10-18,POLESOUT,12.2
71,2016-11-01,POLESOUT,23.7
72,2016-12-07,POLESOUT,19.5
73,2017-01-09,POLESOUT,26.7
74,2017-02-07,POLESOUT,14.8
75,2017-03-22,POLESOUT,24.0
76,2017-04-17,POLESOUT,20.1
77,2017-05-23,POLESOUT,46.9
78,2017-06-21,POLESOUT,69.2
79,2017-07-10,POLESOUT,110.0
80,2017-08-14,POLESOUT,57.0
81,2017-09-18,POLESOUT,32.6
82,2017-10-10,POLESOUT,12.1
83,2017-11-07,POLESOUT,12.9
84,2017-12-05,POLESOUT,13.3
85,2018-01-17,POLESOUT,5.7
86,2018-02-06,POLESOUT,9.42
87,2018-03-06,POLESOUT,10.1
88,2018-04-03,POLESOUT,29.2
89,2018-05-01,POLESOUT,18.0
90,2018-06-05,POLESOUT,29.4
91,2018-07-17,POLESOUT,33.6
92,2018-08-14,POLESOUT,22.0
93,2018-09-04,POLESOUT,29.8
94,2018-10-16,POLESOUT,21.9
95,2018-11-06,POLESOUT,19.3
96,2018-12-04,POLESOUT,17.4
97,2019-01-08,POLESOUT,23.1
98,2019-02-12,POLESOUT,25.5
99,2019-03-12,POLESOUT,29.2
100,2019-04-02,POLESOUT,23.8
101,2019-05-08,POLESOUT,36.2
102,2019-06-05,POLESOUT,19.6
103,2019-07-09,POLESOUT,74.4
104,2019-08-06,POLESOUT,74.7
105,2019-09-09,POLESOUT,59.6
106,2019-10-01,POLESOUT,28.9
107,2019-11-05,POLESOUT,19.5
108,2019-12-03,POLESOUT,12.9
109,2020-01-14,POLESOUT,11.7
110,2020-02-04,POLESOUT,25.0
111,2020-02-12,POLESOUT,29.7
112,2020-03-10,POLESOUT,25.9
113,2020-04-07,POLESOUT,34.3
114,2020-05-05,POLESOUT,18.8
115,2020-05-20,POLESOUT,35.0
116,2020-06-02,POLESOUT,46.5
117,2020-06-23,POLESOUT,88.8
0,2010-10-20,KISSR0.0,9.85
1,2010-12-15,KISSR0.0,4.65
2,2011-01-04,KISSR0.0,4.95
3,2011-02-14,KISSR0.0,10.35
4,2011-03-08,KISSR0.0,9.8
5,2011-04-18,KISSR0.0,22.35
6,2011-05-09,KISSR0.0,24.1
7,2011-06-07,KISSR0.0,25.3
8,2011-07-12,KISSR0.0,15.4
9,2011-08-02,KISSR0.0,13.8
10,2011-09-19,KISSR0.0,9.27
11,2011-10-10,KISSR0.0,5.12
12,2011-11-14,KISSR0.0,5.74
13,2011-12-06,KISSR0.0,5.78
14,2011-12-06,KISSR0.0,6.05
15,2011-12-06,KISSR0.0,6.4
16,2012-01-24,KISSR0.0,5.46
17,2012-02-06,KISSR0.0,6.75
18,2012-03-20,KISSR0.0,14.6
19,2012-04-03,KISSR0.0,11.9
20,2012-05-21,KISSR0.0,11.2
22,2012-06-11,KISSR0.0,19.9
23,2012-06-11,KISSR0.0,18.9
21,2012-06-11,KISSR0.0,19.2
24,2012-07-17,KISSR0.0,8.37
25,2012-09-19,KISSR0.0,6.26
26,2012-10-09,KISSR0.0,1.97
27,2012-11-27,KISSR0.0,1.56
28,2012-12-11,KISSR0.0,2.5
29,2012-12-11,KISSR0.0,2.4
30,2012-12-11,KISSR0.0,2.2
31,2013-01-08,KISSR0.0,4.66
32,2013-02-11,KISSR0.0,3.24
34,2013-03-27,KISSR0.0,9.75
35,2013-03-27,KISSR0.0,10.6
33,2013-03-27,KISSR0.0,9.38
36,2013-04-08,KISSR0.0,9.6
37,2013-05-14,KISSR0.0,15.1
38,2013-06-03,KISSR0.0,29.5
39,2013-06-03,KISSR0.0,26.8
40,2013-06-03,KISSR0.0,25.9
41,2013-07-17,KISSR0.0,14.8
42,2013-08-06,KISSR0.0,5.07
44,2013-09-17,KISSR0.0,6.9
45,2013-09-17,KISSR0.0,6.3
43,2013-09-17,KISSR0.0,6.63
46,2013-10-01,KISSR0.0,7.38
47,2013-11-12,KISSR0.0,11.4
48,2013-12-04,KISSR0.0,6.45
49,2013-12-04,KISSR0.0,6.89
50,2013-12-04,KISSR0.0,7.08
51,2014-01-14,KISSR0.0,4.4
52,2014-02-05,KISSR0.0,15.1
53,2014-03-11,KISSR0.0,8.72
54,2014-03-11,KISSR0.0,9.69
55,2014-03-11,KISSR0.0,9.07
56,2014-04-15,KISSR0.0,17.7
57,2014-05-14,KISSR0.0,18.4
60,2014-06-04,KISSR0.0,16.6
59,2014-06-04,KISSR0.0,17.5
58,2014-06-04,KISSR0.0,19.6
61,2014-07-15,KISSR0.0,23.0
62,2014-08-05,KISSR0.0,9.93
63,2014-09-02,KISSR0.0,11.4
64,2014-09-02,KISSR0.0,9.99
65,2014-09-02,KISSR0.0,11.9
66,2014-10-07,KISSR0.0,5.91
67,2014-11-04,KISSR0.0,5.79
68,2014-12-02,KISSR0.0,17.4
69,2014-12-02,KISSR0.0,15.2
70,2014-12-02,KISSR0.0,15.9
71,2015-01-06,KISSR0.0,7.77
72,2015-02-03,KISSR0.0,3.68
73,2015-03-03,KISSR0.0,7.65
74,2015-03-03,KISSR0.0,7.27
75,2015-03-03,KISSR0.0,7.29
76,2015-04-07,KISSR0.0,8.18
77,2015-05-12,KISSR0.0,9.4
78,2015-05-12,KISSR0.0,0.037000000000000005
79,2015-06-03,KISSR0.0,26.9
80,2015-06-03,KISSR0.0,30.0
81,2015-06-03,KISSR0.0,34.8
82,2015-07-08,KISSR0.0,12.8
83,2015-08-04,KISSR0.0,28.0
84,2015-09-01,KISSR0.0,24.9
85,2015-09-01,KISSR0.0,24.7
86,2015-09-01,KISSR0.0,23.2
87,2015-10-06,KISSR0.0,5.08
88,2015-11-04,KISSR0.0,14.0
89,2015-12-01,KISSR0.0,4.99
90,2015-12-01,KISSR0.0,5.12
91,2015-12-01,KISSR0.0,4.97
92,2016-01-11,KISSR0.0,9.82
93,2016-02-02,KISSR0.0,8.27
95,2016-03-01,KISSR0.0,11.9
96,2016-03-01,KISSR0.0,14.5
94,2016-03-01,KISSR0.0,11.0
97,2016-04-05,KISSR0.0,8.04
98,2016-05-03,KISSR0.0,18.0
99,2016-06-14,KISSR0.0,15.8
100,2016-06-14,KISSR0.0,14.1
101,2016-06-14,KISSR0.0,16.4
102,2016-07-11,KISSR0.0,16.6
103,2016-08-02,KISSR0.0,27.1
104,2016-09-06,KISSR0.0,25.4
105,2016-09-06,KISSR0.0,25.5
106,2016-09-06,KISSR0.0,22.1
107,2016-10-18,KISSR0.0,18.0
108,2016-11-01,KISSR0.0,10.3
109,2016-12-07,KISSR0.0,23.9
110,2016-12-07,KISSR0.0,25.9
111,2016-12-07,KISSR0.0,26.4
112,2016-12-07,KISSR0.0,0.091
113,2017-01-09,KISSR0.0,15.8
114,2017-02-07,KISSR0.0,15.1
115,2017-03-22,KISSR0.0,0.035
116,2017-03-22,KISSR0.0,14.1
117,2017-03-22,KISSR0.0,13.3
118,2017-03-22,KISSR0.0,12.3
119,2017-04-17,KISSR0.0,18.5
120,2017-05-23,KISSR0.0,37.4
121,2017-06-20,KISSR0.0,49.6
122,2017-07-10,KISSR0.0,26.1
123,2017-07-10,KISSR0.0,0.06
124,2017-08-14,KISSR0.0,11.8
125,2017-08-14,KISSR0.0,16.4
126,2017-08-14,KISSR0.0,17.1
127,2017-09-18,KISSR0.0,15.5
128,2017-10-10,KISSR0.0,6.42
129,2017-11-07,KISSR0.0,8.84
131,2017-12-05,KISSR0.0,8.76
132,2017-12-05,KISSR0.0,10.1
130,2017-12-05,KISSR0.0,8.36
133,2018-01-17,KISSR0.0,6.94
134,2018-02-06,KISSR0.0,8.8
135,2018-03-06,KISSR0.0,7.56
136,2018-03-06,KISSR0.0,7.23
137,2018-03-06,KISSR0.0,7.2
138,2018-04-03,KISSR0.0,16.4
139,2018-05-01,KISSR0.0,33.0
140,2018-06-05,KISSR0.0,12.8
141,2018-06-05,KISSR0.0,13.3
142,2018-06-05,KISSR0.0,14.3
143,2018-07-17,KISSR0.0,21.2
145,2018-08-14,KISSR0.0,0.018000000000000002
144,2018-08-14,KISSR0.0,21.8
146,2018-09-04,KISSR0.0,11.7
147,2018-09-04,KISSR0.0,11.7
148,2018-09-04,KISSR0.0,11.7
149,2018-10-16,KISSR0.0,19.4
150,2018-11-06,KISSR0.0,19.7
151,2018-12-04,KISSR0.0,17.9
152,2018-12-04,KISSR0.0,16.9
153,2018-12-04,KISSR0.0,17.5
154,2019-01-08,KISSR0.0,22.2
155,2019-02-12,KISSR0.0,24.3
158,2019-03-12,KISSR0.0,20.5
156,2019-03-12,KISSR0.0,23.0
157,2019-03-12,KISSR0.0,21.8
159,2019-04-02,KISSR0.0,22.2
160,2019-05-08,KISSR0.0,28.3
161,2019-05-08,KISSR0.0,27.7
162,2019-05-08,KISSR0.0,26.6
163,2019-06-05,KISSR0.0,31.3
164,2019-07-09,KISSR0.0,12.9
166,2019-08-06,KISSR0.0,32.1
165,2019-08-06,KISSR0.0,34.1
167,2019-08-06,KISSR0.0,32.0
168,2019-09-09,KISSR0.0,8.0
169,2019-10-01,KISSR0.0,16.2
170,2019-11-05,KISSR0.0,30.5
171,2019-11-05,KISSR0.0,25.9
172,2019-11-05,KISSR0.0,26.0
173,2019-12-03,KISSR0.0,14.3
174,2020-01-14,KISSR0.0,17.4
175,2020-02-04,KISSR0.0,13.1
176,2020-02-04,KISSR0.0,7.95
177,2020-02-04,KISSR0.0,14.1
181,2020-02-12,KISSR0.0,19.3
180,2020-02-12,KISSR0.0,17.7
179,2020-02-12,KISSR0.0,18.5
178,2020-02-12,KISSR0.0,0.018000000000000002
182,2020-03-10,KISSR0.0,12.2
183,2020-04-07,KISSR0.0,35.3
184,2020-05-05,KISSR0.0,0.016
185,2020-05-05,KISSR0.0,22.8
186,2020-05-05,KISSR0.0,24.8
187,2020-05-05,KISSR0.0,7.86
188,2020-05-05,KISSR0.0,0.016
189,2020-05-20,KISSR0.0,39.7
190,2020-06-02,KISSR0.0,47.6
191,2020-06-23,KISSR0.0,13.2
192,2020-06-23,KISSR0.0,0.037000000000000005
0,2010-10-20,LZ2,12.25
1,2010-12-15,LZ2,2.1
2,2011-01-04,LZ2,5.3
3,2011-02-14,LZ2,3.65
4,2011-03-08,LZ2,7.35
5,2011-04-18,LZ2,11.05
6,2011-05-09,LZ2,9.4
7,2011-06-06,LZ2,8.24
8,2011-07-11,LZ2,54.9
9,2011-08-01,LZ2,42.6
10,2011-09-20,LZ2,6.97
11,2011-10-11,LZ2,20.5
12,2011-11-14,LZ2,1.57
13,2011-12-06,LZ2,3.5
14,2012-01-24,LZ2,9.62
15,2012-02-06,LZ2,3.53
16,2012-03-20,LZ2,5.8
17,2012-04-03,LZ2,8.22
18,2012-05-22,LZ2,16.8
19,2012-06-12,LZ2,15.9
20,2012-07-17,LZ2,27.6
21,2012-08-14,LZ2,12.0
22,2012-09-19,LZ2,16.4
23,2012-10-09,LZ2,11.2
24,2012-11-27,LZ2,9.98
25,2012-12-11,LZ2,3.11
26,2013-01-08,LZ2,1.51
27,2013-02-11,LZ2,6.02
28,2013-03-27,LZ2,3.15
29,2013-04-08,LZ2,9.6
30,2013-05-14,LZ2,5.15
31,2013-06-03,LZ2,33.8
32,2013-07-17,LZ2,6.04
33,2013-08-06,LZ2,10.0
34,2013-09-17,LZ2,15.7
35,2013-10-01,LZ2,19.2
36,2013-11-12,LZ2,5.95
37,2013-12-04,LZ2,7.2
38,2014-01-14,LZ2,3.33
39,2014-02-05,LZ2,5.99
40,2014-03-11,LZ2,12.5
41,2014-04-15,LZ2,25.3
42,2014-05-14,LZ2,65.9
43,2014-06-04,LZ2,22.7
44,2014-07-15,LZ2,29.6
45,2014-08-05,LZ2,38.1
46,2014-09-02,LZ2,44.3
47,2014-10-07,LZ2,11.0
48,2014-11-04,LZ2,3.37
49,2014-12-02,LZ2,4.67
50,2015-01-06,LZ2,2.54
51,2015-02-03,LZ2,6.19
52,2015-03-03,LZ2,4.22
53,2015-04-07,LZ2,8.77
54,2015-05-12,LZ2,117.0
55,2015-06-03,LZ2,34.3
56,2015-07-08,LZ2,26.7
57,2015-08-05,LZ2,14.6
58,2015-09-01,LZ2,21.5
59,2015-10-06,LZ2,19.8
60,2015-11-04,LZ2,20.3
61,2015-12-01,LZ2,25.9
62,2016-01-11,LZ2,8.26
63,2016-02-02,LZ2,19.6
64,2016-03-01,LZ2,13.6
65,2016-04-05,LZ2,11.4
66,2016-05-03,LZ2,23.5
67,2016-06-14,LZ2,38.8
68,2016-07-11,LZ2,39.0
69,2016-08-02,LZ2,59.6
70,2016-09-06,LZ2,32.3
71,2016-10-18,LZ2,16.7
72,2016-11-01,LZ2,20.3
73,2016-12-07,LZ2,15.7
74,2017-01-09,LZ2,14.0
75,2017-02-07,LZ2,20.3
76,2017-03-22,LZ2,23.6
77,2017-04-17,LZ2,20.9
78,2017-05-23,LZ2,59.9
79,2017-07-10,LZ2,44.2
80,2017-08-14,LZ2,44.4
81,2017-09-18,LZ2,18.9
82,2017-10-10,LZ2,15.9
83,2017-11-07,LZ2,7.83
84,2017-12-05,LZ2,6.42
85,2018-01-17,LZ2,5.26
86,2018-02-06,LZ2,8.01
87,2018-03-06,LZ2,12.2
88,2018-04-03,LZ2,19.0
89,2018-05-01,LZ2,21.5
90,2018-06-05,LZ2,23.8
91,2018-07-17,LZ2,65.7
92,2018-08-14,LZ2,35.8
93,2018-09-04,LZ2,32.4
94,2018-10-16,LZ2,24.4
95,2018-11-06,LZ2,37.3
96,2018-12-04,LZ2,21.1
97,2019-01-08,LZ2,13.9
98,2019-02-12,LZ2,18.0
99,2019-03-12,LZ2,20.6
100,2019-04-02,LZ2,33.1
101,2019-05-08,LZ2,54.5
102,2019-06-05,LZ2,30.3
103,2019-07-09,LZ2,46.0
104,2019-08-06,LZ2,26.2
105,2019-09-09,LZ2,30.5
106,2019-10-01,LZ2,17.2
107,2019-11-05,LZ2,26.0
108,2019-12-03,LZ2,11.6
109,2020-01-14,LZ2,9.19
110,2020-02-04,LZ2,15.3
111,2020-02-12,LZ2,28.9
112,2020-03-10,LZ2,12.1
113,2020-04-07,LZ2,21.0
114,2020-05-05,LZ2,38.3
115,2020-05-20,LZ2,34.8
116,2020-06-02,LZ2,32.4
117,2020-06-23,LZ2,85.1
0,2013-02-06,S133,20.7
1,2013-02-06,S133,22.9
2,2017-03-14,S133,0.062
3,2019-02-25,S133,0.032
0,2010-11-03,FEBIN,2.7
1,2011-11-15,FEBIN,13.0
2,2011-11-15,FEBIN,12.1
3,2011-11-15,FEBIN,5.88
4,2011-12-27,FEBIN,7.02
5,2012-01-03,FEBIN,11.2
6,2012-02-06,FEBIN,35.8
7,2012-09-04,FEBIN,8.86
8,2012-10-01,FEBIN,6.05
9,2012-10-31,FEBIN,6.14
10,2012-12-03,FEBIN,11.8
11,2013-01-14,FEBIN,13.5
12,2013-02-27,FEBIN,21.3
13,2013-03-20,FEBIN,24.4
14,2013-04-01,FEBIN,15.0
15,2013-05-06,FEBIN,15.8
16,2013-06-03,FEBIN,4.18
17,2013-07-01,FEBIN,12.4
18,2013-08-05,FEBIN,0.6990000000000001
19,2013-09-03,FEBIN,7.64
20,2013-10-07,FEBIN,12.0
21,2013-11-05,FEBIN,6.17
22,2013-12-02,FEBIN,6.96
23,2014-01-06,FEBIN,12.4
24,2014-02-03,FEBIN,28.4
25,2014-03-03,FEBIN,39.4
26,2014-04-07,FEBIN,13.4
29,2014-05-05,FEBIN,11.0
28,2014-05-05,FEBIN,9.79
27,2014-05-05,FEBIN,10.0
30,2014-07-21,FEBIN,6.37
31,2014-08-04,FEBIN,4.77
32,2014-09-02,FEBIN,2.81
33,2014-10-06,FEBIN,1.67
34,2014-11-17,FEBIN,3.21
35,2014-12-01,FEBIN,4.37
36,2015-01-15,FEBIN,8.87
37,2015-02-02,FEBIN,18.9
38,2015-03-02,FEBIN,52.4
39,2015-04-06,FEBIN,17.7
40,2015-05-18,FEBIN,11.1
41,2015-09-08,FEBIN,2.21
42,2015-10-05,FEBIN,1.43
43,2015-11-16,FEBIN,5.3
44,2015-12-07,FEBIN,1.78
45,2016-01-04,FEBIN,3.04
46,2016-02-01,FEBIN,0.978
47,2016-03-07,FEBIN,6.49
48,2016-04-04,FEBIN,17.5
49,2016-04-04,FEBIN,18.0
50,2016-04-04,FEBIN,19.0
51,2016-05-02,FEBIN,30.7
52,2016-06-06,FEBIN,12.4
53,2016-07-05,FEBIN,13.5
54,2016-08-01,FEBIN,18.5
55,2016-09-07,FEBIN,3.16
56,2016-10-03,FEBIN,3.13
57,2016-11-21,FEBIN,9.12
58,2016-12-05,FEBIN,4.84
59,2017-08-07,FEBIN,13.2
60,2017-09-18,FEBIN,3.27
61,2017-11-06,FEBIN,12.1
62,2017-12-18,FEBIN,12.6
63,2018-03-05,FEBIN,22.7
64,2018-04-26,FEBIN,27.2
65,2018-06-26,FEBIN,1.33
66,2018-11-05,FEBIN,20.1
69,2019-10-07,FEBIN,28.4
67,2019-10-07,FEBIN,28.8
68,2019-10-07,FEBIN,30.5
70,2019-12-17,FEBIN,34.2
71,2020-01-06,FEBIN,21.1
72,2020-02-03,FEBIN,8.18
73,2020-03-02,FEBIN,16.1
74,2020-04-06,FEBIN,61.9
75,2020-05-04,FEBIN,83.7
76,2020-06-01,FEBIN,19.6
0,2010-11-03,MBOXSOU,26.05
1,2011-11-15,MBOXSOU,18.6
2,2011-12-27,MBOXSOU,10.9
3,2012-01-03,MBOXSOU,13.4
4,2012-09-04,MBOXSOU,18.1
5,2012-10-01,MBOXSOU,30.9
6,2012-10-31,MBOXSOU,10.8
7,2012-12-03,MBOXSOU,29.7
8,2013-01-14,MBOXSOU,7.13
9,2013-02-27,MBOXSOU,20.1
10,2013-03-20,MBOXSOU,48.7
11,2013-07-01,MBOXSOU,6.72
12,2013-08-05,MBOXSOU,30.2
13,2013-09-03,MBOXSOU,11.0
14,2013-10-07,MBOXSOU,7.28
15,2013-11-05,MBOXSOU,11.7
16,2013-12-02,MBOXSOU,5.04
17,2014-02-03,MBOXSOU,9.5
18,2014-03-03,MBOXSOU,26.2
19,2014-08-04,MBOXSOU,17.2
20,2014-09-02,MBOXSOU,7.87
21,2014-10-06,MBOXSOU,10.2
22,2014-11-17,MBOXSOU,37.3
23,2014-12-01,MBOXSOU,4.32
24,2015-01-15,MBOXSOU,6.01
25,2015-10-05,MBOXSOU,11.1
26,2015-12-07,MBOXSOU,14.3
27,2016-01-04,MBOXSOU,4.47
28,2016-02-01,MBOXSOU,1.16
29,2016-03-07,MBOXSOU,3.47
30,2016-04-04,MBOXSOU,7.02
31,2016-05-02,MBOXSOU,2.68
32,2016-06-06,MBOXSOU,4.27
33,2016-07-05,MBOXSOU,35.2
34,2016-08-01,MBOXSOU,5.21
35,2016-09-07,MBOXSOU,2.38
36,2016-10-03,MBOXSOU,4.24
37,2016-11-21,MBOXSOU,1.53
38,2016-12-05,MBOXSOU,1.49
39,2017-01-03,MBOXSOU,9.82
40,2017-09-18,MBOXSOU,10.2
41,2017-10-02,MBOXSOU,14.0
42,2017-11-06,MBOXSOU,12.5
43,2017-12-18,MBOXSOU,3.8
0,2011-11-15,MH24000,4.97
1,2011-12-27,MH24000,3.92
2,2012-01-03,MH24000,5.54
3,2012-09-04,MH24000,17.3
4,2012-10-01,MH24000,9.37
5,2012-10-31,MH24000,1.32
6,2012-12-03,MH24000,6.81
7,2013-01-14,MH24000,6.43
8,2013-02-27,MH24000,5.05
9,2013-04-01,MH24000,1.61
10,2013-06-03,MH24000,6.26
11,2013-08-05,MH24000,5.34
12,2013-10-07,MH24000,52.0
13,2013-11-05,MH24000,1.49
14,2013-12-02,MH24000,2.03
15,2014-02-03,MH24000,1.14
16,2014-03-03,MH24000,8.89
17,2014-09-02,MH24000,4.32
18,2014-10-06,MH24000,31.7
19,2014-11-17,MH24000,2.75
20,2014-12-01,MH24000,2.15
21,2015-03-02,MH24000,3.8
22,2015-04-06,MH24000,3.84
23,2015-10-05,MH24000,3.21
24,2015-12-07,MH24000,3.79
25,2016-02-01,MH24000,1.48
26,2016-03-07,MH24000,1.72
27,2016-04-04,MH24000,4.57
28,2016-05-02,MH24000,3.26
29,2016-06-06,MH24000,4.33
30,2016-07-05,MH24000,4.45
31,2016-09-07,MH24000,4.42
32,2016-10-03,MH24000,3.05
33,2016-12-05,MH24000,0.969
34,2017-09-18,MH24000,2.32
35,2017-10-02,MH24000,5.35
36,2017-11-06,MH24000,2.63
37,2017-12-18,MH24000,16.0
0,2010-11-03,FEBOUT,15.5
1,2011-11-15,FEBOUT,8.68
2,2011-12-27,FEBOUT,6.91
3,2012-01-03,FEBOUT,5.53
4,2012-02-06,FEBOUT,2.87
5,2012-09-04,FEBOUT,13.0
6,2012-10-01,FEBOUT,11.0
7,2012-10-31,FEBOUT,8.05
8,2012-12-03,FEBOUT,4.62
9,2013-01-14,FEBOUT,13.9
10,2013-02-27,FEBOUT,15.7
11,2013-03-20,FEBOUT,9.37
12,2013-04-01,FEBOUT,26.2
13,2013-05-06,FEBOUT,28.2
14,2013-06-03,FEBOUT,5.14
15,2013-07-01,FEBOUT,5.91
16,2013-08-05,FEBOUT,22.8
17,2013-09-03,FEBOUT,41.1
18,2013-10-07,FEBOUT,24.9
19,2013-11-05,FEBOUT,21.2
20,2013-12-02,FEBOUT,6.12
21,2014-01-06,FEBOUT,9.47
22,2014-02-03,FEBOUT,18.2
23,2014-03-03,FEBOUT,10.0
24,2014-04-07,FEBOUT,8.2
25,2014-05-05,FEBOUT,9.03
26,2014-07-21,FEBOUT,33.0
27,2014-08-04,FEBOUT,19.2
28,2014-09-02,FEBOUT,16.2
29,2014-10-06,FEBOUT,3.72
30,2014-11-17,FEBOUT,6.67
31,2014-12-01,FEBOUT,23.0
32,2015-01-15,FEBOUT,13.5
33,2015-02-02,FEBOUT,8.87
34,2015-02-02,FEBOUT,7.7
35,2015-02-02,FEBOUT,8.01
36,2015-03-02,FEBOUT,18.1
37,2015-04-06,FEBOUT,16.2
38,2015-05-18,FEBOUT,22.3
39,2015-09-08,FEBOUT,11.4
40,2015-10-05,FEBOUT,1.82
41,2015-11-16,FEBOUT,8.17
42,2015-12-07,FEBOUT,13.2
43,2016-01-04,FEBOUT,25.6
44,2016-02-01,FEBOUT,9.33
45,2016-03-07,FEBOUT,9.7
46,2016-04-04,FEBOUT,27.6
47,2016-05-02,FEBOUT,45.6
48,2016-06-06,FEBOUT,9.62
49,2016-07-05,FEBOUT,87.2
50,2016-08-01,FEBOUT,54.9
51,2016-09-07,FEBOUT,30.6
52,2016-10-03,FEBOUT,22.7
53,2016-10-03,FEBOUT,23.6
54,2016-10-03,FEBOUT,24.1
55,2016-11-21,FEBOUT,10.2
56,2016-12-05,FEBOUT,3.19
57,2017-08-07,FEBOUT,59.4
58,2017-09-18,FEBOUT,17.3
59,2017-11-06,FEBOUT,15.7
60,2017-12-18,FEBOUT,11.3
61,2018-03-05,FEBOUT,16.4
62,2018-04-26,FEBOUT,34.0
63,2018-06-26,FEBOUT,51.9
64,2018-08-06,FEBOUT,29.2
65,2018-11-05,FEBOUT,33.5
66,2019-12-17,FEBOUT,48.4
67,2020-01-06,FEBOUT,30.0
68,2020-02-03,FEBOUT,34.8
69,2020-03-02,FEBOUT,23.6
70,2020-04-06,FEBOUT,21.1
71,2020-04-06,FEBOUT,28.2
72,2020-04-06,FEBOUT,26.0
73,2020-05-04,FEBOUT,26.8
74,2020-06-01,FEBOUT,65.5
0,2010-10-21,L005,11.15
1,2010-11-02,L005,40.1
2,2010-12-20,L005,11.6
3,2011-01-03,L005,7.3
4,2011-02-14,L005,22.4
5,2011-03-09,L005,26.5
6,2011-04-19,L005,10.85
7,2011-05-24,L005,2.58
8,2011-06-07,L005,21.2
9,2011-07-12,L005,2.61
10,2011-08-02,L005,2.86
11,2011-09-19,L005,23.1
12,2011-10-10,L005,19.9
13,2011-11-15,L005,14.9
14,2011-12-05,L005,16.9
15,2012-01-23,L005,7.13
16,2012-02-07,L005,12.9
17,2012-03-19,L005,23.1
18,2012-04-02,L005,18.4
19,2012-05-21,L005,21.0
20,2012-06-11,L005,35.5
21,2012-07-16,L005,7.58
22,2012-08-13,L005,3.75
23,2012-09-18,L005,29.6
24,2012-10-09,L005,35.5
25,2012-11-27,L005,18.8
26,2012-12-11,L005,9.69
27,2013-01-08,L005,8.4
28,2013-02-11,L005,18.2
29,2013-03-27,L005,15.0
30,2013-04-08,L005,21.0
31,2013-05-14,L005,35.0
32,2013-06-03,L005,142.0
33,2013-07-17,L005,38.4
34,2013-08-06,L005,70.8
35,2013-09-17,L005,44.3
36,2013-10-01,L005,48.6
37,2013-11-12,L005,56.5
38,2013-12-04,L005,16.2
39,2014-01-14,L005,29.8
40,2014-02-05,L005,42.7
41,2014-03-11,L005,16.0
42,2014-04-15,L005,45.3
43,2014-05-14,L005,113.0
44,2014-06-04,L005,112.0
45,2014-07-15,L005,34.4
46,2014-08-06,L005,29.8
47,2014-09-02,L005,71.2
48,2014-10-07,L005,54.4
49,2014-11-04,L005,46.0
50,2014-12-02,L005,40.7
51,2015-01-06,L005,11.9
52,2015-02-03,L005,11.6
53,2015-03-03,L005,29.1
54,2015-04-07,L005,18.1
55,2015-05-12,L005,16.9
56,2015-06-03,L005,43.7
57,2015-07-08,L005,21.7
58,2015-08-04,L005,20.6
59,2015-09-01,L005,40.4
60,2015-10-06,L005,5.29
61,2015-11-04,L005,47.1
62,2015-12-01,L005,33.6
63,2016-01-11,L005,53.4
64,2016-02-02,L005,44.7
65,2016-03-01,L005,24.9
66,2016-04-05,L005,14.6
67,2016-05-03,L005,7.94
68,2016-06-14,L005,39.2
69,2016-07-11,L005,62.3
70,2016-08-02,L005,55.9
71,2016-09-06,L005,55.4
72,2016-10-18,L005,26.3
73,2016-11-01,L005,29.5
74,2016-12-07,L005,18.8
75,2017-01-09,L005,21.8
76,2017-02-07,L005,17.4
77,2017-03-22,L005,15.6
78,2017-04-17,L005,43.7
79,2017-05-23,L005,31.5
80,2017-06-20,L005,55.0
81,2017-07-10,L005,54.5
82,2017-08-14,L005,29.3
83,2017-09-18,L005,35.0
84,2017-10-10,L005,20.3
85,2017-11-07,L005,24.2
86,2017-12-05,L005,8.81
87,2018-01-17,L005,5.82
88,2018-02-06,L005,5.55
89,2018-03-06,L005,9.08
90,2018-04-03,L005,10.4
91,2018-05-01,L005,37.6
92,2018-06-05,L005,28.4
93,2018-07-17,L005,26.4
94,2018-08-14,L005,18.4
95,2018-09-04,L005,26.5
96,2018-10-16,L005,28.8
97,2018-11-06,L005,45.3
98,2018-12-04,L005,13.1
99,2019-01-08,L005,24.2
100,2019-02-12,L005,25.8
101,2019-03-12,L005,33.9
102,2019-04-02,L005,22.0
103,2019-05-08,L005,24.8
104,2019-06-05,L005,7.66
105,2019-07-09,L005,21.0
106,2019-08-06,L005,16.6
107,2019-09-09,L005,17.1
108,2019-10-01,L005,61.2
109,2019-11-05,L005,35.4
110,2019-12-03,L005,13.2
111,2020-01-14,L005,23.4
112,2020-02-04,L005,36.7
113,2020-02-12,L005,39.8
114,2020-03-10,L005,25.5
115,2020-04-07,L005,27.8
116,2020-05-05,L005,13.4
117,2020-05-20,L005,78.0
118,2020-06-02,L005,74.0
119,2020-06-23,L005,32.5
0,2010-10-20,L008,18.25
1,2010-12-15,L008,6.85
2,2011-01-04,L008,11.15
3,2011-02-14,L008,9.6
4,2011-03-08,L008,12.95
5,2011-04-18,L008,9.1
6,2011-05-24,L008,14.2
7,2011-06-07,L008,18.5
8,2011-07-12,L008,8.82
9,2011-08-02,L008,4.27
10,2011-09-19,L008,18.3
11,2011-10-10,L008,10.6
12,2011-11-14,L008,5.55
13,2011-12-06,L008,5.84
14,2012-01-24,L008,7.68
15,2012-02-06,L008,12.5
16,2012-03-20,L008,11.2
17,2012-04-03,L008,24.6
18,2012-05-21,L008,13.3
19,2012-06-11,L008,25.1
20,2012-08-14,L008,7.67
21,2012-09-19,L008,25.8
22,2012-10-09,L008,26.7
23,2012-11-27,L008,9.81
24,2012-12-11,L008,6.82
25,2013-01-08,L008,8.31
26,2013-02-11,L008,15.0
27,2013-03-27,L008,10.8
28,2013-04-08,L008,6.42
29,2013-05-14,L008,11.7
30,2013-06-03,L008,64.0
31,2013-07-17,L008,13.0
32,2013-08-06,L008,11.6
33,2013-09-17,L008,13.0
34,2013-10-01,L008,47.7
35,2013-11-12,L008,22.1
36,2013-12-04,L008,5.81
37,2014-01-14,L008,17.3
38,2014-02-05,L008,45.2
39,2014-03-11,L008,10.3
40,2014-04-15,L008,27.0
41,2014-05-14,L008,49.0
42,2014-06-04,L008,65.5
43,2014-07-15,L008,30.3
44,2014-08-05,L008,13.0
45,2014-09-02,L008,50.7
46,2014-10-07,L008,15.4
47,2014-11-04,L008,11.1
48,2014-12-02,L008,7.38
49,2015-01-06,L008,17.3
50,2015-02-03,L008,7.5
51,2015-03-03,L008,57.6
52,2015-04-07,L008,11.7
53,2015-05-12,L008,13.9
54,2015-06-03,L008,49.2
55,2015-07-08,L008,21.3
56,2015-08-04,L008,5.47
57,2015-09-01,L008,36.4
58,2015-10-06,L008,28.0
59,2015-11-04,L008,41.0
60,2015-12-01,L008,12.6
61,2016-01-11,L008,17.8
62,2016-02-02,L008,11.5
63,2016-03-01,L008,7.3
64,2016-04-05,L008,8.54
65,2016-05-03,L008,6.33
66,2016-06-14,L008,40.8
67,2016-07-11,L008,14.0
68,2016-08-02,L008,23.1
69,2016-09-06,L008,34.0
70,2016-10-18,L008,32.5
71,2016-11-01,L008,22.8
72,2016-12-07,L008,23.7
73,2017-01-09,L008,9.74
74,2017-02-07,L008,11.4
75,2017-03-22,L008,7.7
76,2017-04-17,L008,34.5
77,2017-05-23,L008,12.6
78,2017-06-20,L008,14.6
79,2017-07-10,L008,23.9
80,2017-08-14,L008,30.9
81,2017-09-18,L008,9.99
82,2017-10-10,L008,10.2
83,2017-11-07,L008,15.3
84,2017-12-05,L008,4.23
85,2018-01-17,L008,7.34
86,2018-01-17,L008,0.04
87,2018-02-06,L008,5.86
88,2018-03-06,L008,5.59
89,2018-04-03,L008,10.1
90,2018-05-01,L008,7.8
91,2018-06-05,L008,31.2
92,2018-07-17,L008,26.6
93,2018-08-14,L008,11.4
94,2018-09-04,L008,21.2
95,2018-10-16,L008,23.0
96,2018-11-06,L008,38.9
97,2018-12-04,L008,7.33
98,2019-01-08,L008,13.7
99,2019-02-12,L008,19.7
100,2019-03-12,L008,11.5
101,2019-04-02,L008,20.1
102,2019-05-08,L008,12.8
103,2019-06-05,L008,17.1
104,2019-07-09,L008,10.3
105,2019-08-06,L008,13.4
106,2019-09-09,L008,15.3
107,2019-10-01,L008,27.7
108,2019-11-05,L008,27.0
109,2019-12-03,L008,6.27
110,2020-01-14,L008,15.3
111,2020-02-04,L008,27.8
112,2020-02-12,L008,27.6
113,2020-03-10,L008,16.4
114,2020-04-07,L008,13.5
115,2020-05-05,L008,25.5
116,2020-05-20,L008,8.85
117,2020-06-02,L008,25.0
118,2020-06-23,L008,18.4
0,2010-10-20,LZ40,15.35
1,2010-12-15,LZ40,7.05
2,2011-01-04,LZ40,13.95
3,2011-02-14,LZ40,7.4
4,2011-03-08,LZ40,5.45
5,2011-04-18,LZ40,9.7
6,2011-05-23,LZ40,18.2
7,2011-06-07,LZ40,12.5
8,2011-07-12,LZ40,45.3
9,2011-08-02,LZ40,12.2
10,2011-09-19,LZ40,15.0
11,2011-10-10,LZ40,12.8
12,2011-11-14,LZ40,8.13
13,2011-12-06,LZ40,63.4
14,2012-01-24,LZ40,5.78
15,2012-02-06,LZ40,6.9
16,2012-03-20,LZ40,51.4
17,2012-04-03,LZ40,7.34
18,2012-05-21,LZ40,9.48
19,2012-06-11,LZ40,10.2
20,2012-07-17,LZ40,8.89
21,2012-08-14,LZ40,9.03
22,2012-09-19,LZ40,6.58
23,2012-10-09,LZ40,11.4
24,2012-11-27,LZ40,7.78
25,2012-12-11,LZ40,4.83
26,2013-01-08,LZ40,5.23
27,2013-02-11,LZ40,4.47
28,2013-03-27,LZ40,11.7
29,2013-04-08,LZ40,6.54
30,2013-05-14,LZ40,17.1
31,2013-06-03,LZ40,15.4
32,2013-07-17,LZ40,7.95
33,2013-08-06,LZ40,10.7
34,2013-09-17,LZ40,4.36
35,2013-10-01,LZ40,11.9
36,2013-11-12,LZ40,16.2
37,2013-12-04,LZ40,17.4
38,2014-01-14,LZ40,9.35
39,2014-02-05,LZ40,37.5
40,2014-03-11,LZ40,4.81
41,2014-04-15,LZ40,6.0
42,2014-05-14,LZ40,9.48
43,2014-06-04,LZ40,7.53
44,2014-07-15,LZ40,55.0
45,2014-08-05,LZ40,8.99
46,2014-09-02,LZ40,28.4
47,2014-10-07,LZ40,7.29
48,2014-11-04,LZ40,7.28
49,2014-12-02,LZ40,7.3
50,2015-01-06,LZ40,6.11
51,2015-02-03,LZ40,8.2
52,2015-03-03,LZ40,10.8
53,2015-04-07,LZ40,6.41
54,2015-05-13,LZ40,7.65
55,2015-06-03,LZ40,11.2
56,2015-07-08,LZ40,12.2
57,2015-08-04,LZ40,11.0
58,2015-09-01,LZ40,7.1
59,2015-10-06,LZ40,5.23
60,2015-11-04,LZ40,10.7
61,2015-12-01,LZ40,7.99
62,2016-01-11,LZ40,10.6
63,2016-02-02,LZ40,26.7
64,2016-03-01,LZ40,6.36
65,2016-04-05,LZ40,10.3
66,2016-05-03,LZ40,9.54
67,2016-06-14,LZ40,5.2
68,2016-07-11,LZ40,8.22
69,2016-08-02,LZ40,35.9
70,2016-09-06,LZ40,8.72
71,2016-10-18,LZ40,5.33
72,2016-11-01,LZ40,9.32
73,2016-12-07,LZ40,8.18
74,2017-01-09,LZ40,10.0
75,2017-02-07,LZ40,12.6
76,2017-03-22,LZ40,5.66
77,2017-04-17,LZ40,8.91
78,2017-05-23,LZ40,9.41
79,2017-06-20,LZ40,9.06
80,2017-07-10,LZ40,6.06
81,2017-08-14,LZ40,20.3
82,2017-09-18,LZ40,4.34
83,2017-10-10,LZ40,4.05
84,2017-11-07,LZ40,4.49
85,2017-12-05,LZ40,4.02
86,2018-01-17,LZ40,5.88
87,2018-02-06,LZ40,4.59
88,2018-03-06,LZ40,4.63
89,2018-04-03,LZ40,6.59
90,2018-05-01,LZ40,6.44
91,2018-06-05,LZ40,35.3
92,2018-07-17,LZ40,10.1
93,2018-08-14,LZ40,10.9
94,2018-09-04,LZ40,6.98
95,2018-10-16,LZ40,13.8
96,2018-11-06,LZ40,17.4
97,2018-12-04,LZ40,10.1
98,2019-01-08,LZ40,16.4
99,2019-02-12,LZ40,7.92
100,2019-03-12,LZ40,4.44
101,2019-04-02,LZ40,10.3
102,2019-05-08,LZ40,5.93
103,2019-06-05,LZ40,10.1
104,2019-07-09,LZ40,9.41
105,2019-08-06,LZ40,13.1
106,2019-09-09,LZ40,16.9
107,2019-10-01,LZ40,10.3
108,2019-11-05,LZ40,7.38
109,2019-12-03,LZ40,8.9
110,2020-01-14,LZ40,4.34
111,2020-02-04,LZ40,6.42
112,2020-02-12,LZ40,9.3
113,2020-03-11,LZ40,3.86
114,2020-04-08,LZ40,11.1
115,2020-05-06,LZ40,24.8
116,2020-05-21,LZ40,9.54
117,2020-06-03,LZ40,38.3
0,2010-10-20,L004,17.75
1,2010-12-15,L004,11.75
2,2011-01-04,L004,6.8
3,2011-02-14,L004,11.25
4,2011-03-08,L004,5.35
5,2011-04-18,L004,11.6
6,2011-05-23,L004,19.2
7,2011-06-07,L004,10.9
8,2011-07-12,L004,14.8
9,2011-08-02,L004,10.9
10,2011-09-19,L004,13.6
11,2011-10-10,L004,7.74
12,2011-11-14,L004,6.42
13,2011-12-06,L004,3.96
14,2012-01-24,L004,4.87
15,2012-02-06,L004,4.08
16,2012-03-20,L004,4.97
17,2012-04-03,L004,4.96
18,2012-05-21,L004,11.1
19,2012-06-11,L004,11.7
20,2012-07-17,L004,9.38
21,2012-08-14,L004,5.89
22,2012-09-19,L004,10.7
23,2012-10-09,L004,4.61
24,2012-11-27,L004,8.88
25,2012-12-11,L004,9.97
26,2013-01-08,L004,4.11
27,2013-02-11,L004,3.81
28,2013-03-27,L004,14.1
29,2013-04-08,L004,5.62
30,2013-05-14,L004,10.7
31,2013-06-03,L004,13.5
32,2013-07-17,L004,13.4
33,2013-08-06,L004,14.7
34,2013-09-17,L004,8.09
35,2013-10-01,L004,8.44
36,2013-11-12,L004,5.86
37,2013-12-04,L004,5.54
38,2014-01-14,L004,5.54
39,2014-02-05,L004,21.8
40,2014-03-11,L004,3.58
41,2014-04-15,L004,6.99
42,2014-05-14,L004,19.5
43,2014-06-04,L004,15.5
44,2014-07-15,L004,21.5
45,2014-08-05,L004,14.5
46,2014-09-02,L004,13.6
47,2014-10-07,L004,9.4
48,2014-11-04,L004,12.7
49,2014-12-02,L004,5.52
50,2015-01-06,L004,5.28
51,2015-02-03,L004,6.1
52,2015-03-03,L004,7.1
53,2015-04-07,L004,5.09
54,2015-05-12,L004,9.74
55,2015-06-03,L004,11.8
56,2015-07-08,L004,75.3
57,2015-08-04,L004,24.7
58,2015-09-01,L004,16.3
59,2015-10-06,L004,9.78
60,2015-11-04,L004,17.2
61,2015-12-01,L004,5.97
62,2016-01-11,L004,7.3
63,2016-02-02,L004,12.4
64,2016-03-01,L004,5.61
65,2016-04-05,L004,5.54
66,2016-05-03,L004,6.88
67,2016-06-14,L004,11.7
68,2016-07-11,L004,14.7
69,2016-08-02,L004,11.9
70,2016-09-06,L004,6.3
71,2016-10-18,L004,5.58
72,2016-11-01,L004,4.7
73,2016-12-07,L004,6.81
74,2017-01-09,L004,7.42
75,2017-02-07,L004,13.8
76,2017-03-22,L004,8.87
77,2017-04-17,L004,5.58
78,2017-05-23,L004,15.9
79,2017-06-20,L004,11.5
80,2017-07-10,L004,5.26
81,2017-08-14,L004,43.1
82,2017-09-18,L004,8.9
83,2017-10-10,L004,3.78
84,2017-11-07,L004,3.34
85,2017-12-05,L004,3.46
86,2018-01-17,L004,4.26
87,2018-02-06,L004,3.27
88,2018-03-06,L004,4.03
89,2018-04-03,L004,5.15
90,2018-05-01,L004,5.71
91,2018-06-05,L004,10.8
92,2018-07-17,L004,8.34
93,2018-08-14,L004,37.3
94,2018-09-04,L004,4.78
95,2018-10-16,L004,35.5
96,2018-11-06,L004,21.5
97,2018-12-04,L004,10.1
98,2019-01-08,L004,10.7
99,2019-02-12,L004,6.11
100,2019-03-12,L004,3.94
101,2019-04-02,L004,7.98
102,2019-05-08,L004,7.01
103,2019-06-05,L004,6.29
104,2019-07-09,L004,11.3
105,2019-08-06,L004,10.5
106,2019-09-09,L004,30.0
107,2019-10-01,L004,10.8
108,2019-11-05,L004,10.6
109,2019-12-03,L004,6.25
110,2020-01-14,L004,3.96
111,2020-02-04,L004,25.7
112,2020-02-12,L004,5.43
113,2020-03-10,L004,7.49
114,2020-04-07,L004,13.4
115,2020-05-05,L004,19.7
116,2020-05-20,L004,9.6
117,2020-06-02,L004,17.8
118,2020-06-23,L004,85.7
0,2010-10-13,S308C,14.95
1,2010-11-03,S308C,9.6
10,2010-11-17,S308C,19.35
8,2010-11-17,S308C,16.85
7,2010-11-17,S308C,19.75
6,2010-11-17,S308C,19.25
9,2010-11-17,S308C,18.85
4,2010-11-17,S308C,17.5
3,2010-11-17,S308C,17.0
2,2010-11-17,S308C,15.0
5,2010-11-17,S308C,17.25
11,2010-12-01,S308C,10.25
12,2010-12-13,S308C,32.6
13,2011-01-05,S308C,2.8
14,2011-01-20,S308C,6.7
15,2011-02-03,S308C,7.95
22,2011-02-17,S308C,4.65
24,2011-02-17,S308C,4.65
23,2011-02-17,S308C,5.15
21,2011-02-17,S308C,4.8
20,2011-02-17,S308C,5.3
19,2011-02-17,S308C,4.8
18,2011-02-17,S308C,4.35
17,2011-02-17,S308C,4.85
16,2011-02-17,S308C,4.35
25,2011-03-02,S308C,10.8
26,2011-03-16,S308C,7.2
27,2011-04-06,S308C,12.35
28,2011-04-20,S308C,6.25
29,2011-05-04,S308C,6.9
32,2011-05-18,S308C,26.9
30,2011-05-18,S308C,24.1
31,2011-05-18,S308C,24.0
33,2011-06-08,S308C,7.5
34,2011-06-22,S308C,8.99
35,2011-07-06,S308C,9.29
36,2011-07-20,S308C,7.25
37,2011-08-10,S308C,28.7
39,2011-08-24,S308C,10.4
38,2011-08-24,S308C,10.7
40,2011-08-24,S308C,10.1
41,2011-09-07,S308C,26.3
42,2011-09-21,S308C,10.7
43,2011-10-05,S308C,9.82
44,2011-10-19,S308C,5.05
45,2011-11-02,S308C,8.1
46,2011-11-16,S308C,3.41
47,2011-11-16,S308C,3.56
48,2011-11-16,S308C,3.24
49,2011-12-07,S308C,3.39
50,2011-12-21,S308C,4.46
51,2012-01-04,S308C,12.9
52,2012-01-18,S308C,2.71
53,2012-02-08,S308C,5.03
54,2012-02-22,S308C,10.5
55,2012-02-22,S308C,13.7
56,2012-02-22,S308C,10.7
57,2012-03-07,S308C,5.02
58,2012-03-21,S308C,5.12
59,2012-04-04,S308C,16.1
60,2012-04-18,S308C,2.98
61,2012-05-02,S308C,10.7
64,2012-05-16,S308C,12.2
62,2012-05-16,S308C,15.6
63,2012-05-16,S308C,13.2
65,2012-06-06,S308C,25.6
66,2012-06-20,S308C,9.04
67,2012-07-11,S308C,14.9
68,2012-07-25,S308C,7.82
69,2012-08-08,S308C,8.0
70,2012-08-08,S308C,7.7
71,2012-08-08,S308C,7.15
72,2012-08-22,S308C,8.69
73,2012-09-05,S308C,18.6
74,2012-09-20,S308C,22.0
75,2012-10-03,S308C,8.16
76,2012-10-17,S308C,2.62
77,2012-11-14,S308C,3.55
78,2012-11-14,S308C,3.33
79,2012-11-14,S308C,3.18
80,2012-11-28,S308C,4.93
81,2012-12-05,S308C,2.88
82,2012-12-19,S308C,14.5
83,2013-01-09,S308C,2.38
84,2013-01-23,S308C,7.58
85,2013-02-06,S308C,4.11
86,2013-02-21,S308C,3.22
87,2013-02-21,S308C,3.53
88,2013-02-21,S308C,3.52
89,2013-03-06,S308C,7.82
90,2013-03-20,S308C,26.9
91,2013-04-03,S308C,17.4
92,2013-04-17,S308C,4.24
95,2013-05-08,S308C,53.9
93,2013-05-08,S308C,61.7
94,2013-05-08,S308C,53.3
96,2013-05-22,S308C,13.2
97,2013-06-05,S308C,43.2
98,2013-06-19,S308C,31.9
99,2013-07-10,S308C,12.4
100,2013-07-24,S308C,24.6
102,2013-08-07,S308C,10.4
101,2013-08-07,S308C,11.9
103,2013-08-07,S308C,10.7
104,2013-08-21,S308C,22.1
105,2013-09-04,S308C,13.7
106,2013-09-18,S308C,7.56
107,2013-10-07,S308C,27.1
108,2013-10-21,S308C,15.7
109,2013-10-21,S308C,0.064
110,2013-11-04,S308C,15.6
111,2013-11-04,S308C,20.4
112,2013-11-04,S308C,17.3
113,2013-11-18,S308C,6.08
114,2013-12-02,S308C,11.9
115,2013-12-16,S308C,11.3
116,2014-01-06,S308C,6.9
117,2014-01-21,S308C,9.47
118,2014-02-03,S308C,9.45
119,2014-02-03,S308C,9.06
120,2014-02-03,S308C,9.9
121,2014-02-17,S308C,13.3
122,2014-03-03,S308C,8.31
123,2014-03-17,S308C,9.75
124,2014-04-07,S308C,41.8
125,2014-04-21,S308C,11.2
126,2014-05-05,S308C,11.1
127,2014-05-05,S308C,10.6
128,2014-05-05,S308C,10.8
129,2014-05-19,S308C,8.98
130,2014-06-09,S308C,27.5
131,2014-06-23,S308C,62.7
132,2014-07-07,S308C,11.4
133,2014-07-21,S308C,25.2
134,2014-08-04,S308C,32.9
138,2014-08-18,S308C,4.75
137,2014-08-18,S308C,102.0
135,2014-08-18,S308C,19.2
136,2014-08-18,S308C,43.0
139,2014-09-08,S308C,20.2
140,2014-09-22,S308C,25.3
141,2014-10-06,S308C,20.0
142,2014-10-20,S308C,20.8
144,2014-11-03,S308C,27.6
143,2014-11-03,S308C,29.3
145,2014-11-03,S308C,27.4
146,2014-11-17,S308C,13.3
147,2014-12-01,S308C,4.94
148,2014-12-15,S308C,5.11
149,2015-01-05,S308C,2.44
150,2015-01-20,S308C,4.34
151,2015-02-02,S308C,4.77
152,2015-02-02,S308C,4.54
153,2015-02-02,S308C,4.73
154,2015-02-16,S308C,7.06
155,2015-03-02,S308C,5.13
156,2015-03-16,S308C,6.46
157,2015-04-06,S308C,14.1
158,2015-04-20,S308C,12.6
159,2015-05-04,S308C,6.5
160,2015-05-04,S308C,5.06
161,2015-05-04,S308C,6.54
162,2015-05-18,S308C,1.42
163,2015-06-01,S308C,11.7
164,2015-06-15,S308C,43.8
165,2015-07-06,S308C,24.3
166,2015-07-20,S308C,84.3
169,2015-08-03,S308C,23.1
167,2015-08-03,S308C,22.4
168,2015-08-03,S308C,21.0
170,2015-08-17,S308C,20.1
171,2015-08-31,S308C,46.6
172,2015-09-14,S308C,23.6
173,2015-09-28,S308C,27.2
174,2015-10-12,S308C,41.3
175,2015-10-26,S308C,7.16
176,2015-10-26,S308C,8.0
177,2015-10-26,S308C,7.42
178,2015-11-09,S308C,14.1
179,2015-11-23,S308C,13.6
180,2015-12-07,S308C,7.34
181,2015-12-21,S308C,12.0
182,2016-01-04,S308C,10.9
183,2016-01-20,S308C,9.87
184,2016-01-20,S308C,9.98
185,2016-01-20,S308C,8.99
186,2016-02-01,S308C,2.34
187,2016-02-15,S308C,7.19
188,2016-02-29,S308C,6.46
189,2016-03-14,S308C,6.22
190,2016-03-28,S308C,5.37
191,2016-04-11,S308C,5.53
192,2016-04-11,S308C,5.7
193,2016-04-11,S308C,5.05
194,2016-04-25,S308C,6.04
195,2016-05-09,S308C,15.4
196,2016-05-23,S308C,151.0
197,2016-06-06,S308C,74.7
198,2016-06-06,S308C,0.034
199,2016-06-20,S308C,27.2
200,2016-07-06,S308C,22.5
201,2016-07-06,S308C,25.3
202,2016-07-06,S308C,21.9
203,2016-07-18,S308C,25.8
204,2016-07-18,S308C,0.054000000000000006
205,2016-08-01,S308C,34.2
206,2016-08-15,S308C,50.5
207,2016-08-29,S308C,39.3
208,2016-09-12,S308C,31.9
211,2016-09-26,S308C,23.9
210,2016-09-26,S308C,24.7
209,2016-09-26,S308C,22.7
212,2016-10-10,S308C,27.2
213,2016-10-24,S308C,12.0
214,2016-11-07,S308C,6.85
215,2016-11-21,S308C,8.88
216,2016-12-05,S308C,6.18
217,2016-12-19,S308C,7.91
218,2016-12-19,S308C,6.94
219,2016-12-19,S308C,7.24
220,2017-01-04,S308C,30.9
221,2017-01-17,S308C,3.31
222,2017-01-30,S308C,11.5
223,2017-02-13,S308C,19.5
224,2017-02-27,S308C,15.2
225,2017-03-14,S308C,36.4
226,2017-03-14,S308C,34.7
227,2017-03-14,S308C,36.6
228,2017-03-14,S308C,0.048
229,2017-03-27,S308C,5.19
230,2017-04-10,S308C,8.53
231,2017-04-24,S308C,9.2
232,2017-05-08,S308C,26.4
233,2017-05-22,S308C,27.4
234,2017-06-05,S308C,11.8
235,2017-06-19,S308C,4.38
236,2017-07-05,S308C,5.15
237,2017-07-17,S308C,4.95
238,2017-07-31,S308C,38.3
239,2017-08-01,S308C,0.988
240,2017-08-14,S308C,4.77
241,2017-08-28,S308C,1.88
242,2017-09-13,S308C,13.0
243,2017-09-25,S308C,3.15
244,2017-10-09,S308C,2.72
245,2017-10-23,S308C,48.2
246,2017-10-23,S308C,0.05
247,2017-11-06,S308C,3.77
248,2017-11-20,S308C,5.26
249,2017-12-04,S308C,3.51
252,2017-12-18,S308C,2.61
251,2017-12-18,S308C,2.56
250,2017-12-18,S308C,2.42
253,2018-01-02,S308C,7.78
254,2018-01-16,S308C,8.34
255,2018-01-16,S308C,0.112
256,2018-01-29,S308C,4.88
257,2018-02-12,S308C,3.17
258,2018-02-26,S308C,3.8
259,2018-03-12,S308C,18.1
260,2018-03-26,S308C,36.6
263,2018-04-09,S308C,5.24
262,2018-04-09,S308C,5.06
261,2018-04-09,S308C,6.68
264,2018-04-23,S308C,6.78
265,2018-05-07,S308C,11.0
266,2018-05-21,S308C,14.1
267,2018-06-04,S308C,87.3
268,2018-06-04,S308C,78.2
269,2018-06-04,S308C,78.8
270,2018-06-18,S308C,5.89
271,2018-07-02,S308C,11.0
272,2018-07-16,S308C,9.94
273,2018-07-30,S308C,7.06
274,2018-08-13,S308C,45.8
275,2018-08-27,S308C,20.1
276,2018-09-10,S308C,27.4
277,2018-09-10,S308C,28.3
278,2018-09-10,S308C,27.9
279,2018-09-24,S308C,34.0
280,2018-10-08,S308C,36.4
281,2018-10-22,S308C,51.3
284,2018-11-19,S308C,10.7
282,2018-11-19,S308C,9.56
283,2018-11-19,S308C,10.6
285,2018-12-17,S308C,18.4
286,2019-01-14,S308C,35.1
287,2019-01-28,S308C,14.5
288,2019-02-11,S308C,5.73
290,2019-02-25,S308C,12.0
289,2019-02-25,S308C,12.1
291,2019-02-25,S308C,12.8
292,2019-03-11,S308C,5.46
293,2019-03-25,S308C,10.9
294,2019-04-08,S308C,10.3
295,2019-04-08,S308C,9.46
296,2019-04-08,S308C,10.9
297,2019-04-22,S308C,10.6
298,2019-05-06,S308C,16.0
299,2019-05-06,S308C,0.026
300,2019-06-03,S308C,38.4
303,2019-07-01,S308C,35.4
301,2019-07-01,S308C,47.7
302,2019-07-01,S308C,46.4
304,2019-07-29,S308C,38.8
305,2019-08-12,S308C,16.4
306,2019-08-26,S308C,26.2
307,2019-09-09,S308C,50.8
308,2019-09-23,S308C,7.02
309,2019-10-07,S308C,6.39
311,2019-10-21,S308C,11.3
312,2019-10-21,S308C,10.8
310,2019-10-21,S308C,9.74
313,2019-11-04,S308C,8.78
314,2019-11-18,S308C,9.98
315,2019-12-02,S308C,15.3
316,2019-12-16,S308C,1.79
317,2020-01-13,S308C,3.55
318,2020-01-13,S308C,3.46
319,2020-01-13,S308C,4.94
320,2020-01-27,S308C,3.94
321,2020-02-10,S308C,3.85
322,2020-02-24,S308C,5.79
323,2020-03-09,S308C,7.83
324,2020-03-23,S308C,9.15
325,2020-04-06,S308C,15.2
326,2020-04-06,S308C,53.9
327,2020-04-06,S308C,91.1
328,2020-04-20,S308C,31.5
329,2020-05-04,S308C,16.0
330,2020-05-04,S308C,0.016
331,2020-05-18,S308C,32.3
332,2020-06-01,S308C,9.67
333,2020-06-15,S308C,4.2
334,2020-06-15,S308C,0.019
0,2010-10-21,POLE3S,58.75
1,2010-11-02,POLE3S,13.6
2,2010-12-20,POLE3S,17.35
3,2011-01-03,POLE3S,12.2
4,2011-02-14,POLE3S,37.65
5,2011-03-09,POLE3S,6.0
6,2011-04-19,POLE3S,1.8
7,2011-05-10,POLE3S,2.31
8,2011-06-06,POLE3S,1.25
9,2011-07-13,POLE3S,14.8
10,2011-08-04,POLE3S,6.3
11,2011-09-21,POLE3S,5.37
12,2011-10-12,POLE3S,3.18
13,2011-11-15,POLE3S,33.1
14,2011-12-05,POLE3S,72.1
15,2012-01-23,POLE3S,24.3
16,2012-02-07,POLE3S,13.0
17,2012-03-19,POLE3S,11.7
18,2012-04-02,POLE3S,8.11
19,2012-05-23,POLE3S,13.1
20,2012-06-11,POLE3S,3.91
21,2012-07-16,POLE3S,3.58
22,2012-08-13,POLE3S,2.34
23,2012-09-18,POLE3S,46.4
24,2012-10-08,POLE3S,49.5
25,2012-11-26,POLE3S,22.3
26,2012-12-10,POLE3S,23.8
27,2013-01-07,POLE3S,24.6
28,2013-02-12,POLE3S,36.4
29,2013-03-28,POLE3S,21.1
30,2013-04-09,POLE3S,17.3
31,2013-05-15,POLE3S,69.6
32,2013-06-04,POLE3S,86.5
33,2013-07-16,POLE3S,12.6
34,2013-08-05,POLE3S,92.7
35,2013-09-16,POLE3S,38.3
36,2013-10-02,POLE3S,87.7
37,2013-11-18,POLE3S,28.6
38,2013-12-03,POLE3S,68.3
39,2014-01-15,POLE3S,39.4
40,2014-02-04,POLE3S,24.0
41,2014-03-12,POLE3S,45.1
42,2014-04-16,POLE3S,64.3
43,2014-04-21,POLE3S,23.5
44,2014-05-13,POLE3S,8.88
45,2014-06-03,POLE3S,12.7
46,2014-07-16,POLE3S,10.5
47,2014-08-06,POLE3S,34.0
48,2014-09-03,POLE3S,23.5
49,2014-10-08,POLE3S,50.8
50,2014-11-05,POLE3S,51.7
51,2014-12-03,POLE3S,61.4
52,2015-01-07,POLE3S,19.5
53,2015-02-04,POLE3S,36.1
54,2015-03-04,POLE3S,19.2
55,2015-04-08,POLE3S,19.8
56,2015-05-13,POLE3S,39.7
57,2015-06-02,POLE3S,29.7
58,2015-07-07,POLE3S,23.4
59,2015-08-05,POLE3S,7.66
60,2015-09-02,POLE3S,12.3
61,2015-10-07,POLE3S,36.2
62,2015-11-03,POLE3S,32.5
63,2015-12-02,POLE3S,23.9
64,2016-01-12,POLE3S,21.6
65,2016-02-03,POLE3S,22.1
66,2016-03-02,POLE3S,10.8
67,2016-04-06,POLE3S,11.7
68,2016-05-09,POLE3S,34.7
69,2016-06-15,POLE3S,63.0
70,2016-07-12,POLE3S,52.2
71,2016-08-03,POLE3S,60.2
72,2016-09-07,POLE3S,51.9
73,2016-10-19,POLE3S,17.0
74,2016-11-02,POLE3S,24.5
75,2016-12-06,POLE3S,38.3
76,2017-01-10,POLE3S,29.1
77,2017-02-08,POLE3S,31.3
78,2017-03-21,POLE3S,34.1
79,2017-04-18,POLE3S,7.96
80,2017-05-23,POLE3S,4.51
81,2017-07-11,POLE3S,5.54
82,2017-08-16,POLE3S,10.6
83,2017-09-19,POLE3S,17.1
84,2017-10-09,POLE3S,6.29
85,2017-11-08,POLE3S,8.2
86,2017-12-06,POLE3S,17.8
87,2018-01-18,POLE3S,10.2
88,2018-02-07,POLE3S,5.85
89,2018-03-07,POLE3S,6.43
90,2018-04-04,POLE3S,6.39
91,2018-05-02,POLE3S,9.1
92,2018-06-06,POLE3S,9.23
93,2018-07-18,POLE3S,29.2
94,2018-08-15,POLE3S,6.18
95,2018-09-05,POLE3S,5.1
96,2018-10-17,POLE3S,89.6
97,2018-11-07,POLE3S,41.5
98,2018-12-11,POLE3S,23.2
99,2019-01-09,POLE3S,28.9
100,2019-02-14,POLE3S,27.1
101,2019-03-13,POLE3S,7.18
102,2019-04-03,POLE3S,23.0
103,2019-05-07,POLE3S,8.46
104,2019-06-04,POLE3S,3.78
105,2019-07-10,POLE3S,2.24
106,2019-08-07,POLE3S,1.57
107,2019-09-10,POLE3S,16.5
108,2019-10-02,POLE3S,9.39
109,2019-11-06,POLE3S,12.6
110,2019-12-04,POLE3S,47.5
111,2020-01-15,POLE3S,6.3
112,2020-02-05,POLE3S,21.6
113,2020-03-11,POLE3S,10.4
114,2020-04-08,POLE3S,7.46
0,2010-10-21,RITTAE2,13.05
1,2010-11-02,RITTAE2,17.2
2,2010-12-20,RITTAE2,48.2
3,2011-01-03,RITTAE2,8.05
4,2011-02-14,RITTAE2,23.0
5,2011-03-21,RITTAE2,0.9
6,2011-04-19,RITTAE2,1.6
7,2011-05-10,RITTAE2,1.64
8,2011-06-06,RITTAE2,1.3
9,2011-07-13,RITTAE2,12.1
10,2011-08-04,RITTAE2,2.13
11,2011-09-21,RITTAE2,2.16
12,2011-10-12,RITTAE2,2.62
13,2011-11-15,RITTAE2,37.1
14,2011-12-05,RITTAE2,59.7
15,2012-01-23,RITTAE2,19.1
16,2012-02-07,RITTAE2,20.6
17,2012-03-19,RITTAE2,10.0
18,2012-04-02,RITTAE2,14.6
19,2012-05-23,RITTAE2,5.8
20,2012-06-11,RITTAE2,2.0
21,2012-07-16,RITTAE2,3.43
22,2012-08-13,RITTAE2,1.18
23,2012-09-18,RITTAE2,21.5
24,2012-10-08,RITTAE2,38.7
25,2012-11-26,RITTAE2,31.9
26,2012-12-10,RITTAE2,22.7
27,2013-01-07,RITTAE2,25.4
28,2013-02-12,RITTAE2,33.9
29,2013-03-28,RITTAE2,30.2
30,2013-04-09,RITTAE2,5.72
31,2013-05-15,RITTAE2,67.7
32,2013-06-04,RITTAE2,59.8
33,2013-07-16,RITTAE2,7.14
34,2013-08-05,RITTAE2,73.1
35,2013-09-16,RITTAE2,44.6
36,2013-10-02,RITTAE2,92.0
37,2013-11-18,RITTAE2,31.2
38,2013-12-03,RITTAE2,29.8
39,2014-01-15,RITTAE2,41.8
40,2014-02-04,RITTAE2,31.0
41,2014-03-12,RITTAE2,61.3
42,2014-04-16,RITTAE2,33.2
43,2014-04-21,RITTAE2,42.8
44,2014-05-13,RITTAE2,14.9
45,2014-06-03,RITTAE2,3.03
46,2014-07-16,RITTAE2,13.7
47,2014-08-06,RITTAE2,44.5
48,2014-09-03,RITTAE2,26.9
49,2014-10-08,RITTAE2,46.5
50,2014-11-05,RITTAE2,19.4
51,2014-12-03,RITTAE2,24.4
52,2015-01-07,RITTAE2,14.6
53,2015-02-04,RITTAE2,18.9
54,2015-03-04,RITTAE2,24.5
55,2015-04-08,RITTAE2,11.9
56,2015-05-13,RITTAE2,35.5
57,2015-06-02,RITTAE2,64.9
58,2015-07-07,RITTAE2,14.0
59,2015-08-05,RITTAE2,5.1
60,2015-09-02,RITTAE2,7.01
61,2015-10-07,RITTAE2,34.6
62,2015-11-03,RITTAE2,12.9
63,2015-12-02,RITTAE2,10.2
64,2016-01-12,RITTAE2,17.7
65,2016-02-03,RITTAE2,18.9
66,2016-03-02,RITTAE2,15.5
67,2016-04-06,RITTAE2,38.7
68,2016-05-09,RITTAE2,35.5
69,2016-06-15,RITTAE2,53.1
70,2016-07-12,RITTAE2,41.9
71,2016-08-03,RITTAE2,44.4
72,2016-09-07,RITTAE2,39.3
73,2016-10-19,RITTAE2,25.7
74,2016-11-02,RITTAE2,26.6
75,2016-12-06,RITTAE2,25.5
76,2017-01-10,RITTAE2,18.5
77,2017-02-08,RITTAE2,34.6
78,2017-03-21,RITTAE2,22.3
79,2017-05-23,RITTAE2,3.0
80,2017-08-16,RITTAE2,4.01
81,2017-09-19,RITTAE2,10.6
82,2017-10-09,RITTAE2,13.2
83,2017-11-08,RITTAE2,7.03
84,2017-12-06,RITTAE2,25.2
85,2018-01-18,RITTAE2,9.19
86,2018-02-07,RITTAE2,4.45
87,2018-03-07,RITTAE2,7.88
88,2018-04-04,RITTAE2,10.9
89,2018-05-02,RITTAE2,11.5
90,2018-06-06,RITTAE2,12.9
91,2018-07-18,RITTAE2,34.5
92,2018-08-15,RITTAE2,20.4
93,2018-09-05,RITTAE2,7.01
94,2018-10-17,RITTAE2,71.6
95,2018-11-07,RITTAE2,64.7
96,2018-12-11,RITTAE2,20.6
97,2019-01-09,RITTAE2,21.2
98,2019-02-14,RITTAE2,12.4
99,2019-03-13,RITTAE2,8.33
100,2019-04-03,RITTAE2,10.8
101,2019-05-07,RITTAE2,6.01
102,2019-06-04,RITTAE2,1.69
103,2019-07-10,RITTAE2,3.33
104,2019-08-07,RITTAE2,2.4
105,2019-09-10,RITTAE2,19.1
106,2019-10-02,RITTAE2,22.8
107,2019-11-06,RITTAE2,11.5
108,2019-12-04,RITTAE2,16.9
109,2020-01-15,RITTAE2,9.5
110,2020-02-05,RITTAE2,7.82
111,2020-03-11,RITTAE2,12.5
112,2020-04-08,RITTAE2,1.98
0,2010-10-21,L007,32.95
1,2010-11-02,L007,3.65
2,2010-12-20,L007,7.9
3,2011-01-03,L007,3.6
4,2011-02-14,L007,10.05
5,2011-03-21,L007,7.75
6,2011-04-19,L007,3.1
7,2011-05-23,L007,2.46
8,2011-06-07,L007,2.22
9,2011-08-02,L007,2.53
10,2011-09-19,L007,10.5
11,2011-10-10,L007,5.45
12,2011-11-15,L007,42.5
13,2011-12-05,L007,4.18
14,2012-01-23,L007,6.09
15,2012-02-07,L007,4.0
16,2012-03-19,L007,3.93
17,2012-04-02,L007,14.1
18,2012-05-21,L007,2.31
19,2012-06-11,L007,3.75
20,2012-07-16,L007,5.22
21,2012-08-13,L007,3.38
22,2012-09-18,L007,1.96
23,2012-10-08,L007,3.88
24,2012-11-26,L007,4.37
25,2012-12-10,L007,3.0
26,2013-01-07,L007,6.23
27,2013-02-12,L007,1.56
28,2013-03-28,L007,10.5
29,2013-04-09,L007,4.55
30,2013-05-15,L007,5.69
31,2013-06-04,L007,3.52
32,2013-07-16,L007,3.16
33,2013-08-05,L007,6.67
34,2013-09-16,L007,5.6
35,2013-10-02,L007,14.0
36,2013-11-18,L007,35.9
37,2013-12-03,L007,89.9
38,2014-01-15,L007,29.4
39,2014-02-04,L007,15.1
40,2014-03-12,L007,53.7
41,2014-04-16,L007,6.92
42,2014-04-21,L007,8.26
43,2014-05-13,L007,6.3
44,2014-06-03,L007,4.46
45,2014-07-16,L007,3.51
46,2014-08-06,L007,46.2
47,2014-09-03,L007,7.21
48,2014-10-08,L007,5.38
49,2014-11-05,L007,17.1
50,2014-12-03,L007,40.5
51,2015-01-07,L007,6.75
52,2015-02-04,L007,6.09
53,2015-03-04,L007,4.81
54,2015-04-08,L007,2.9
55,2015-05-13,L007,10.3
56,2015-06-02,L007,4.82
57,2015-07-08,L007,17.3
58,2015-08-04,L007,15.8
59,2015-09-02,L007,12.9
60,2015-10-07,L007,36.8
61,2015-11-03,L007,5.66
62,2015-12-02,L007,0.7090000000000001
63,2016-01-12,L007,6.26
64,2016-02-03,L007,9.64
65,2016-03-02,L007,3.05
66,2016-04-06,L007,4.22
67,2016-05-09,L007,7.54
68,2016-06-15,L007,65.4
69,2016-07-12,L007,29.2
70,2016-08-03,L007,9.32
71,2016-09-07,L007,13.8
72,2016-10-19,L007,23.9
73,2016-11-02,L007,14.6
74,2016-12-06,L007,6.67
75,2017-01-10,L007,9.27
76,2017-02-08,L007,10.2
77,2017-03-21,L007,7.2
78,2017-04-18,L007,6.87
79,2017-05-23,L007,3.81
80,2017-06-20,L007,3.58
81,2017-07-11,L007,2.52
82,2017-08-16,L007,17.8
83,2017-09-19,L007,10.2
84,2017-10-09,L007,5.69
85,2017-11-08,L007,5.58
86,2017-12-06,L007,9.59
87,2018-01-18,L007,8.27
88,2018-02-07,L007,5.18
89,2018-03-07,L007,5.13
90,2018-04-04,L007,4.56
91,2018-05-02,L007,5.38
92,2018-06-06,L007,12.0
93,2018-07-18,L007,12.4
94,2018-08-15,L007,20.4
95,2018-09-05,L007,4.37
96,2018-10-17,L007,33.2
97,2018-11-07,L007,19.3
98,2018-12-11,L007,23.4
99,2019-01-09,L007,9.84
100,2019-02-14,L007,9.46
101,2019-03-13,L007,6.04
102,2019-04-03,L007,7.99
103,2019-05-07,L007,4.53
104,2019-06-04,L007,7.9
105,2019-07-10,L007,9.09
106,2019-08-07,L007,5.76
107,2019-09-10,L007,12.6
108,2019-10-02,L007,7.66
109,2019-11-06,L007,6.9
110,2019-12-04,L007,34.5
111,2020-01-15,L007,5.18
112,2020-02-05,L007,8.07
113,2020-03-11,L007,3.73
114,2020-04-08,L007,5.41
115,2020-05-06,L007,19.2
116,2020-05-21,L007,4.76
117,2020-06-03,L007,10.4
0,2010-10-21,PELBAY3,18.1
1,2010-11-02,PELBAY3,6.4
2,2010-12-20,PELBAY3,16.75
3,2011-01-03,PELBAY3,2.7
4,2011-02-14,PELBAY3,8.1
5,2011-03-21,PELBAY3,1.5
6,2011-04-19,PELBAY3,2.2
7,2011-05-10,PELBAY3,1.22
8,2011-06-06,PELBAY3,1.16
9,2011-07-13,PELBAY3,3.21
10,2011-08-04,PELBAY3,7.9
11,2011-09-21,PELBAY3,9.66
12,2011-10-12,PELBAY3,14.8
13,2011-11-15,PELBAY3,29.4
14,2011-12-05,PELBAY3,13.8
15,2012-01-23,PELBAY3,5.91
16,2012-02-07,PELBAY3,3.81
17,2012-03-19,PELBAY3,3.92
18,2012-04-02,PELBAY3,34.7
19,2012-05-23,PELBAY3,3.79
20,2012-06-11,PELBAY3,4.82
21,2012-07-16,PELBAY3,6.24
22,2012-08-13,PELBAY3,14.2
23,2012-09-18,PELBAY3,5.21
24,2012-10-08,PELBAY3,8.16
25,2012-11-26,PELBAY3,24.5
26,2012-12-10,PELBAY3,12.7
27,2013-01-07,PELBAY3,10.1
28,2013-02-12,PELBAY3,1.96
29,2013-03-28,PELBAY3,31.6
30,2013-04-09,PELBAY3,7.29
31,2013-05-15,PELBAY3,52.6
32,2013-06-04,PELBAY3,22.7
33,2013-07-16,PELBAY3,4.22
34,2013-08-05,PELBAY3,13.0
35,2013-09-16,PELBAY3,9.51
36,2013-10-02,PELBAY3,23.1
37,2013-11-18,PELBAY3,18.3
38,2013-12-03,PELBAY3,4.8
39,2014-01-15,PELBAY3,45.9
40,2014-02-04,PELBAY3,19.0
41,2014-03-12,PELBAY3,17.3
42,2014-04-16,PELBAY3,4.18
43,2014-04-21,PELBAY3,29.8
44,2014-05-13,PELBAY3,2.02
45,2014-06-03,PELBAY3,2.18
46,2014-07-16,PELBAY3,21.2
47,2014-08-06,PELBAY3,40.7
48,2014-09-03,PELBAY3,25.8
49,2014-10-08,PELBAY3,13.6
50,2014-11-05,PELBAY3,4.61
51,2014-12-03,PELBAY3,42.6
52,2015-01-07,PELBAY3,3.54
53,2015-02-04,PELBAY3,7.11
54,2015-03-04,PELBAY3,3.78
55,2015-04-08,PELBAY3,3.64
56,2015-05-13,PELBAY3,1.69
57,2015-06-02,PELBAY3,6.38
58,2015-07-07,PELBAY3,24.3
59,2015-08-05,PELBAY3,22.7
60,2015-09-02,PELBAY3,9.67
61,2015-10-07,PELBAY3,34.4
62,2015-11-03,PELBAY3,5.43
63,2015-12-02,PELBAY3,5.89
64,2016-01-12,PELBAY3,9.82
65,2016-02-03,PELBAY3,7.42
66,2016-03-02,PELBAY3,4.18
67,2016-04-06,PELBAY3,6.94
68,2016-05-09,PELBAY3,9.87
69,2016-05-09,PELBAY3,0.131
70,2016-06-15,PELBAY3,31.6
71,2016-07-12,PELBAY3,41.4
72,2016-08-03,PELBAY3,9.14
73,2016-09-07,PELBAY3,35.8
74,2016-10-19,PELBAY3,25.5
75,2016-11-02,PELBAY3,12.1
76,2016-12-06,PELBAY3,12.1
77,2017-01-10,PELBAY3,9.59
78,2017-02-08,PELBAY3,8.26
79,2017-03-21,PELBAY3,5.89
80,2017-04-18,PELBAY3,3.6
81,2017-05-23,PELBAY3,5.86
82,2017-08-16,PELBAY3,15.8
83,2017-09-19,PELBAY3,8.72
84,2017-10-09,PELBAY3,3.68
85,2017-11-08,PELBAY3,8.16
86,2017-12-06,PELBAY3,3.26
87,2018-01-18,PELBAY3,6.25
88,2018-02-07,PELBAY3,2.99
89,2018-03-07,PELBAY3,6.98
90,2018-04-04,PELBAY3,2.26
91,2018-05-02,PELBAY3,4.41
92,2018-06-06,PELBAY3,17.3
93,2018-07-18,PELBAY3,18.6
94,2018-08-15,PELBAY3,22.8
95,2018-09-05,PELBAY3,2.79
96,2018-10-17,PELBAY3,25.4
97,2018-11-07,PELBAY3,16.2
98,2018-12-11,PELBAY3,32.9
99,2019-01-09,PELBAY3,16.6
100,2019-03-13,PELBAY3,5.99
101,2019-04-03,PELBAY3,10.3
102,2019-05-07,PELBAY3,2.14
103,2019-06-04,PELBAY3,2.91
104,2019-07-10,PELBAY3,8.09
105,2019-08-07,PELBAY3,7.0
106,2019-09-10,PELBAY3,13.4
107,2019-10-02,PELBAY3,10.4
108,2019-11-06,PELBAY3,6.42
109,2019-12-04,PELBAY3,3.69
110,2020-01-15,PELBAY3,4.33
111,2020-02-05,PELBAY3,2.44
112,2020-03-11,PELBAY3,2.95
113,2020-04-08,PELBAY3,1.98
114,2020-05-06,PELBAY3,9.22
115,2020-05-21,PELBAY3,7.92
116,2020-06-03,PELBAY3,5.42
0,2010-10-21,L006,43.0
1,2010-11-02,L006,6.1
2,2010-12-20,L006,6.05
3,2011-01-03,L006,9.0
4,2011-02-14,L006,8.75
5,2011-03-21,L006,13.6
6,2011-04-19,L006,5.45
7,2011-05-23,L006,10.4
8,2011-06-07,L006,7.98
9,2011-07-12,L006,4.44
10,2011-08-02,L006,4.81
11,2011-09-19,L006,12.1
12,2011-10-10,L006,4.7
13,2011-11-15,L006,26.7
14,2011-12-05,L006,4.14
15,2012-01-23,L006,12.6
16,2012-02-07,L006,5.42
17,2012-03-19,L006,10.0
18,2012-04-02,L006,11.2
19,2012-05-21,L006,9.82
20,2012-06-11,L006,10.0
21,2012-07-16,L006,6.04
22,2012-08-13,L006,8.73
23,2012-09-18,L006,3.23
24,2012-10-08,L006,4.86
25,2012-11-26,L006,2.29
26,2012-12-10,L006,11.6
27,2013-01-07,L006,3.99
28,2013-02-12,L006,4.58
29,2013-03-28,L006,9.12
30,2013-04-09,L006,4.57
31,2013-05-15,L006,7.4
32,2013-06-04,L006,5.28
33,2013-07-16,L006,8.04
34,2013-08-05,L006,9.96
35,2013-09-16,L006,5.93
36,2013-10-02,L006,7.27
37,2013-11-18,L006,15.2
38,2013-12-03,L006,3.97
39,2014-01-15,L006,12.0
40,2014-02-04,L006,13.6
41,2014-03-12,L006,5.9
42,2014-04-21,L006,6.59
43,2014-05-13,L006,6.74
44,2014-06-03,L006,6.4
45,2014-07-16,L006,14.0
46,2014-08-06,L006,21.5
47,2014-09-03,L006,10.9
48,2014-10-08,L006,3.97
49,2014-11-05,L006,8.52
50,2014-12-03,L006,16.9
51,2015-01-07,L006,6.58
52,2015-02-04,L006,5.85
53,2015-03-04,L006,6.41
54,2015-04-08,L006,3.66
55,2015-05-13,L006,7.59
56,2015-06-02,L006,10.3
57,2015-07-08,L006,8.1
58,2015-08-04,L006,7.28
59,2015-09-02,L006,6.07
60,2015-10-07,L006,3.42
61,2015-11-03,L006,10.9
62,2015-12-02,L006,9.23
63,2016-01-12,L006,9.93
64,2016-02-03,L006,14.5
65,2016-03-02,L006,2.93
66,2016-04-06,L006,6.66
67,2016-05-09,L006,5.82
68,2016-06-15,L006,48.3
69,2016-07-12,L006,4.73
70,2016-08-03,L006,7.18
71,2016-09-07,L006,8.5
72,2016-10-19,L006,17.5
73,2016-11-02,L006,10.7
74,2016-12-06,L006,7.18
75,2017-01-10,L006,4.78
76,2017-02-08,L006,4.57
77,2017-03-21,L006,10.6
78,2017-04-18,L006,6.73
79,2017-05-23,L006,5.7
80,2017-06-20,L006,6.73
81,2017-07-11,L006,5.94
82,2017-08-16,L006,7.36
83,2017-09-19,L006,5.02
84,2017-10-09,L006,4.67
85,2017-11-08,L006,4.7
86,2017-12-06,L006,4.39
87,2018-01-18,L006,5.88
88,2018-02-07,L006,4.03
89,2018-03-07,L006,6.22
90,2018-04-04,L006,8.43
91,2018-05-02,L006,5.27
92,2018-06-06,L006,13.8
93,2018-07-18,L006,14.1
94,2018-08-15,L006,5.84
95,2018-09-05,L006,4.08
96,2018-10-17,L006,5.03
97,2018-11-07,L006,15.6
98,2018-12-11,L006,8.01
99,2019-01-09,L006,7.07
100,2019-02-14,L006,11.0
101,2019-04-03,L006,11.8
102,2019-05-07,L006,3.65
103,2019-06-04,L006,16.7
104,2019-07-10,L006,4.71
105,2019-08-07,L006,4.27
106,2019-09-10,L006,11.4
107,2019-10-02,L006,7.77
108,2019-11-06,L006,7.36
109,2019-12-04,L006,5.97
110,2020-01-15,L006,13.1
111,2020-02-05,L006,7.68
112,2020-03-11,L006,2.99
113,2020-04-08,L006,6.31
114,2020-05-06,L006,9.27
115,2020-05-21,L006,21.6
116,2020-06-03,L006,12.9
0,2010-10-21,LZ30,47.65
1,2010-11-02,LZ30,6.75
2,2010-12-20,LZ30,5.9
3,2011-01-03,LZ30,5.7
4,2011-02-14,LZ30,17.3
5,2011-03-09,LZ30,9.95
6,2011-04-19,LZ30,5.55
7,2011-05-24,LZ30,3.7
8,2011-06-07,LZ30,1.36
9,2011-07-12,LZ30,1.0
10,2011-08-02,LZ30,3.59
11,2011-09-19,LZ30,10.0
12,2011-10-10,LZ30,9.8
13,2011-11-15,LZ30,22.8
14,2011-12-05,LZ30,75.2
15,2012-01-23,LZ30,8.91
16,2012-02-07,LZ30,6.3
17,2012-03-19,LZ30,6.78
18,2012-04-02,LZ30,8.32
19,2012-05-21,LZ30,7.93
20,2012-06-11,LZ30,5.91
21,2012-07-16,LZ30,4.12
22,2012-08-13,LZ30,4.36
23,2012-09-18,LZ30,3.8
24,2012-10-08,LZ30,5.75
25,2012-11-26,LZ30,6.23
26,2012-12-10,LZ30,4.32
27,2013-01-07,LZ30,4.95
28,2013-02-12,LZ30,5.98
29,2013-03-28,LZ30,10.2
30,2013-04-09,LZ30,5.05
31,2013-05-15,LZ30,8.67
32,2013-06-04,LZ30,3.36
33,2013-07-16,LZ30,4.58
34,2013-08-05,LZ30,6.47
35,2013-09-16,LZ30,12.7
36,2013-10-02,LZ30,23.6
37,2013-11-18,LZ30,34.9
38,2013-12-03,LZ30,8.1
39,2014-01-15,LZ30,15.8
40,2014-02-04,LZ30,16.0
41,2014-03-12,LZ30,4.16
42,2014-04-21,LZ30,8.9
43,2014-05-13,LZ30,4.88
44,2014-06-03,LZ30,3.52
45,2014-07-16,LZ30,5.14
46,2014-08-06,LZ30,31.3
47,2014-09-03,LZ30,10.0
48,2014-10-08,LZ30,31.3
49,2014-11-05,LZ30,33.3
50,2014-12-03,LZ30,12.6
51,2015-01-07,LZ30,6.43
52,2015-02-04,LZ30,8.55
53,2015-03-04,LZ30,7.07
54,2015-04-08,LZ30,5.3
55,2015-05-12,LZ30,13.3
56,2015-06-02,LZ30,18.2
57,2015-07-08,LZ30,21.5
58,2015-08-04,LZ30,9.79
59,2015-08-04,LZ30,0.035
60,2015-09-02,LZ30,15.6
62,2015-10-07,LZ30,0.034
61,2015-10-07,LZ30,45.1
63,2015-11-03,LZ30,6.45
64,2015-12-02,LZ30,31.8
65,2016-01-12,LZ30,9.28
66,2016-02-03,LZ30,16.0
67,2016-03-02,LZ30,6.06
68,2016-04-06,LZ30,6.67
69,2016-05-09,LZ30,18.5
70,2016-06-15,LZ30,278.0
71,2016-07-12,LZ30,17.4
72,2016-08-03,LZ30,9.35
73,2016-09-07,LZ30,17.9
74,2016-10-19,LZ30,34.8
75,2016-11-02,LZ30,13.1
76,2016-12-06,LZ30,5.78
77,2017-01-10,LZ30,9.35
78,2017-02-08,LZ30,9.61
79,2017-03-21,LZ30,22.1
80,2017-04-18,LZ30,8.39
81,2017-05-23,LZ30,9.09
82,2017-06-20,LZ30,6.78
83,2017-07-11,LZ30,15.5
84,2017-08-16,LZ30,8.61
85,2017-08-16,LZ30,0.027000000000000003
86,2017-09-19,LZ30,10.9
87,2017-10-09,LZ30,4.6
88,2017-11-08,LZ30,5.7
89,2017-12-06,LZ30,5.82
90,2018-01-18,LZ30,7.84
91,2018-02-07,LZ30,6.54
92,2018-03-07,LZ30,7.11
93,2018-04-04,LZ30,6.38
94,2018-05-02,LZ30,8.09
95,2018-06-06,LZ30,22.2
96,2018-07-18,LZ30,26.7
97,2018-08-15,LZ30,7.24
98,2018-09-05,LZ30,4.11
99,2018-10-17,LZ30,19.3
100,2018-10-17,LZ30,0.07400000000000001
101,2018-11-07,LZ30,37.4
102,2018-12-11,LZ30,12.4
103,2019-01-09,LZ30,13.9
104,2019-02-14,LZ30,17.1
105,2019-03-13,LZ30,9.47
106,2019-04-03,LZ30,16.6
107,2019-05-07,LZ30,8.33
108,2019-06-04,LZ30,8.34
109,2019-07-10,LZ30,8.51
110,2019-08-07,LZ30,11.8
111,2019-09-10,LZ30,19.8
112,2019-10-02,LZ30,17.6
113,2019-11-06,LZ30,7.39
114,2019-12-04,LZ30,4.97
115,2020-01-15,LZ30,25.8
116,2020-02-05,LZ30,8.74
117,2020-03-11,LZ30,4.99
118,2020-04-08,LZ30,7.13
119,2020-05-06,LZ30,30.5
120,2020-05-06,LZ30,0.016
121,2020-05-21,LZ30,11.5
122,2020-06-03,LZ30,10.2
